ctmsId,externalId,namespace,contentType,createdAt,sourceLanguage,sourceText,targetLanguage,enReferenceTranslation,targetText,contentId,translationProvider,productViewCount,productRevenue,productURL,Evaluation,Root Cause,Comment,arabic_percentage
ugc-rr_customer-review_933082292_190079520,933082292_190079520,ugc-rr,customer-review,2025-08-13 22:16:57.567288 UTC,tr-tr,Gayet güzel tam beden oturdu bitane aldım daha başka renklerinide alacam,ar-ae,"It fits very well, I bought it and I will buy it in other colors.",إنه مناسب جدًا، اشتريته وسأشتريه بألوان أخرى.,933082292,Alibaba,9111266.0,43418,https://www.trendyol.com/ar/pname-p-933082292,OK,,,105.55555555555556
prod-qna_prod-qna_951913269_329578823_a,951913269_329578823_a,prod-qna,prod-qna,2025-07-10 10:46:36.978177 UTC,tr-tr,"Merhaba,  KoraySpor güvencesiyle aldığınız tüm ürünler %100 orijinaldir ve size faturalı olarak gönderilir.  Ürünü kullanmadığınız takdirde, 15 iş günü içinde iade hakkınız bulunmaktadır.  Ürünü kullandıktan sonra herhangi bir üretim hatasıyla karşılaşırsanız, 1 yıla kadar garanti süreniz mevcuttur.  Alışverişinizde bizi tercih ettiğiniz için çok teşekkür ederiz. Güvenli ve keyifli kullanımlar dileriz",ar-ae,"Hello, All products you purchase with the assurance of KoraySpor are 100% original and sent to you with an invoice. If you do not use the product, you have the right to return it within 15 business days. If you find any manufacturing defects after using the product, you have up to 1 year of warranty. Thank you very much for choosing us for your shopping. We wish you safe and enjoyable use.",مرحبًا، جميع المنتجات التي تشتريها بضمان KoraySpor أصلية 100% ويتم إرسالها إليك مع الفاتورة. إذا لم تستخدم المنتج، يحق لك إعادته خلال 15 يوم عمل. إذا وجدت أي عيوب تصنيع بعد استخدام المنتج، فلديك فترة ضمان تصل إلى عام واحد. شكرا جزيلا لاختيارك لنا للتسوق الخاص بك. نتمنى لكم استخدامات آمنة وممتعة.,951913269,Alibaba,26504736.0,62712,https://www.trendyol.com/ar/pname-p-951913269,OK,,,95.74468085106383
prod-qna_prod-qna_113319781_165874119_q,113319781_165874119_q,prod-qna,prod-qna,2025-04-14 22:28:36.856830 UTC,tr-tr,1.58 boyum 52 kiloyum hangi bedeni almam gerek,ar-ae,,طولي 1.58 سم ووزني 52 كيلو، ما هو المقاس الذي يجب أن أختاره؟,113319781,,,80588,,OK,,,93.33333333333333
product-core_content-description_939053876_1,939053876_1,product-core,content-description,2025-08-26 09:40:08.542395 UTC,tr-tr,ADİDAS Kadın Günlük Spor Ayakkabı RUNFALCON 5 W JR3092,ar-ae,Adidas women's casual sneakers runfalcon 5 w jr3092,حذاء رياضي كاجوال للنساء من أديداس RUNFALCON 5 W JR3092,939053876,Alibaba,1489771.0,64465,https://www.trendyol.com/ar/pname-p-939053876,OK,,,63.04347826086957
product-core_content-name_951775702_1,951775702_1,product-core,content-name,2025-07-03 10:51:21.323641 UTC,tr-tr,Hypnotic Ls Erkek Günlük Ayakkabı 39529502 Siyah,ar-ae,Hypnotic Ls Men's Casual Shoes 39529502 Black,حذاء كاجوال رجالي من Hypnotic Ls 39529502 باللون الأسود,951775702,Alibaba,26504736.0,90397,https://www.trendyol.com/ar/pname-p-951775702,OK,,,61.702127659574465
product-core_content-description_707187779_49,707187779_49,product-core,content-description,2025-04-08 11:20:07.007485 UTC,tr-tr,Adidas Erkek Sneaker Siyah HP6011 Adidas Vs Pace 2.0 Erkek Spor Ayakkabı,ar-ae,,حذاء رياضي رجالي من Adidas باللون الأسود HP6011 حذاء رياضي رجالي من Adidas Vs Pace 2.0,707187779,Alibaba,2222704.0,60064,https://www.trendyol.com/ar/pname-p-707187779,OK,,,62.857142857142854
product-core_content-name_182901857_1,182901857_1,product-core,content-name,2023-12-12 07:17:14.805167 UTC,tr-tr,Lacivert-Bej %100 Pamuk 2'li Paket Basic Bisiklet Yaka Örme T-Shirt TWOSS20TS0141,ar-ae,Navy Blue-Beige 100% Cotton 2 Pack Basic Crew Neck Knitted T-Shirt TWOSS20TS0141,تي شيرت محبوك أساسي برقبة دائرية 100% قطن باللون الأزرق الداكن والبيج TWOSS20TS0141,182901857,,1684508.0,78858,https://www.trendyol.com/ar/pname-p-182901857,OK,,,77.14285714285715
product-core_content-description_691055262_43,691055262_43,product-core,content-description,2025-07-01 12:16:30.963940 UTC,tr-tr,-,ar-ae,-,-,691055262,Alibaba,2614642.0,23194,https://www.trendyol.com/ar/pname-p-691055262,OK,,,0.0
product-core_content-description_313155533_1,313155533_1,product-core,content-description,2025-05-08 03:56:54.140301 UTC,tr-tr,Puma Skye Clean Sneaker,ar-ae,,حذاء رياضي بوما سكاي كلين,313155533,Alibaba,2126294.0,25190,https://www.trendyol.com/ar/pname-p-313155533,OK,,,100.0
product-core_content-description_887263146_1,887263146_1,product-core,content-description,2025-05-12 19:49:07.014951 UTC,tr-tr,ADİDAS Erkek GÜNLÜK AYAKKABI GRAND COURT BASE 2.0 JH8610,ar-ae,,أديداس حذاء رجالي يومي جراند كورت بيس 2.0 JH8610,887263146,Alibaba,8817939.0,63440,https://www.trendyol.com/ar/pname-p-887263146,OK,,,79.48717948717949
prod-qna_prod-qna_42713792_300725793_a,42713792_300725793_a,prod-qna,prod-qna,2025-03-18 08:37:08.897884 UTC,tr-tr,"Merhaba, ilgili ürün için sipariş verdiyseniz, tahmini teslimat tarihini ''Hesabım-Siparişlerim'' alanından ilgili ürün için ''Tahmini Kargoya Teslim'' alanından tarihini kontrol edebilirsiniz. Eğer sipariş vermediyseniz, ürünü sepetinize eklediğinizde ürün görselinin sağında tahmini kargoya verilme süresine dair bilgilendirmeye ulaşabilirsiniz. Platformumuzdaki arama kısmına bulmak istediğiniz ürünü yazıp ekranın sol tarafında bulunan filtreleri kullanarak istediğiniz ürünü inceleyebilirsiniz. Aradığınız ürünün stoklarımızda mevcut olması halinde sipariş verebilirsiniz. Keyifli alışverişler dileriz.",ar-ae,,"مرحبًا، إذا طلبت المنتج ذي الصلة، يمكنك التحقق من تاريخ التسليم المقدر في منطقة ""حساب الشحن المقدر"" الخاصة بالمنتج. إذا لم تقم بالطلب، يمكنك الحصول على وقت الشحن المقدر على يمين صورة المنتج عند إضافته إلى سلة التسوق الخاصة بك. اكتب العنصر الذي تريده على منصتنا واستخدم المرشحات الموجودة على الجانب الأيسر من الشاشة. يمكنك الطلب إذا كان المنتج الذي تبحث عنه متوفرًا في المخزون. نتمنى لكم تسوقاً ممتعاً.",42713792,,,41680,,Evaluation Blocked,,,102.19435736677116
product-core_content-description_100044413_1,100044413_1,product-core,content-description,2025-06-23 13:48:22.611075 UTC,tr-tr,Cıtroen xsara pıcasso- 01/08; sigorta kutusu kapağı 6556.X9,ar-ae,Citroen xsara picasso- 01/08; fuse box cover 6556.x9,سيتروين سارا بيكاسو - 01/08؛ غطاء صندوق الصمامات 6556.X9,100044413,Alibaba,,93293,https://www.trendyol.com/ar/pname-p-100044413,OK,,,79.54545454545455
product-core_content-name_150177351_1,150177351_1,product-core,content-name,2023-12-07 16:13:33.130075 UTC,tr-tr,3607 Hakiki Gerçek Deri Kadın Erkek Kartlık Cüzdan Bebe Mavisi,ar-ae,3607 Genuine Real Leather Card Holder Wallet for Women and Men Baby Blue,محفظة حامل بطاقات من الجلد الطبيعي 3607 للنساء والرجال باللون الأزرق الفاتح,150177351,,,33586,https://www.trendyol.com/ar/pname-p-150177351,OK,,,93.75
product-core_content-name_861736724_1,861736724_1,product-core,content-name,2025-06-25 08:28:57.492522 UTC,tr-tr,Unicorn Girl Power Beslenme Kabı,ar-ae,Unicorn Girl Power Nutrition Bowl,وعاء تغذية يونيكورن جيرل باور,861736724,Alibaba,,40931,https://www.trendyol.com/ar/pname-p-861736724,OK,,,100.0
ugc-rr_customer-review_828498459_1549940,828498459_1549940,ugc-rr,customer-review,2025-01-27 21:26:35.087138 UTC,tr-tr,ürün gorseldeki ile aynı sağlam geldi teşekkür ederim,ar-ae,,وصل المنتج سليما، كما في الصورة. شكرًا لك,828498459,,,59714,,OK,,,106.4516129032258
product-core_content-name_901815204_35,901815204_35,product-core,content-name,2025-02-24 10:31:06.570600 UTC,tr-tr,M NK CLUB WVN CARGO PANT - BLACK(BLACK),ar-ae,,M NK CLUB WVN CARGO PANT - أسود (أسود),901815204,,,1045,,Evaluation Blocked,,,29.629629629629626
product-core_content-name_947549540_1,947549540_1,product-core,content-name,2025-06-23 13:15:50.202320 UTC,tr-tr,mazzıdağ Spiralli Defter Sert Kapak 192 Sayfa 96 Yaprak 17x24 Cm Noktalı new store 1133631,ar-ae,Mazzıdağ Spiral Notebook Hard Cover 192 Pages 96 Sheets 17X24 cm Dotted New Store 1133631,مذكرة مزدوجة حلزونية غطاء صلب 192 صفحة 96 ورقة 17x24 سم منقط متجر جديد 1133631,947549540,Alibaba,,9739,https://www.trendyol.com/ar/pname-p-947549540,OK,,,73.4375
product-core_content-name_941949791_1,941949791_1,product-core,content-name,2025-06-02 10:42:47.220203 UTC,tr-tr,Runfalcon Unisex Spor Koşu Rahat Günlük Kullanım Ayakkabısı Sneaker,ar-ae,Runfalcon Unisex Sports Running Comfortable Daily Use Shoes Sneaker,حذاء رياضي مريح للجري للاستخدام اليومي للجنسين من Runfalcon,941949791,Alibaba,1765459.0,25987,https://www.trendyol.com/ar/pname-p-941949791,OK,,,82.35294117647058
ugc-rr_customer-review_169973560_25296678,169973560_25296678,ugc-rr,customer-review,2025-06-06 22:13:49.319611 UTC,tr-tr,"şarj performansı iyi fakat ısınma oluyor bir yıldızı o yüzden kırdım s23
ultra cihaz için aldım ürünü.",ar-ae,"Charging performance is good but there is heating, that's why I took off one star s23 
 I bought the product for the ultra device.","أداء الشحن جيد ولكن هناك تسخين، ولهذا السبب قمت بإزالة نجمة واحدة S23 
 اشتريت المنتج لجهاز Ultra.",169973560,Alibaba,,73569,https://www.trendyol.com/ar/pname-p-169973560,OK,,,91.02564102564102
product-core_content-name_973389548_1,973389548_1,product-core,content-name,2025-08-18 12:07:24.481731 UTC,tr-tr,Caven 2.0 Sneaker Günlük Ayakkabı,ar-ae,Caven 2.0 Sneaker Casual Shoes,حذاء كافين 2.0 الرياضي الكاجوال,973389548,Alibaba,1129218.0,40785,https://www.trendyol.com/ar/pname-p-973389548,OK,,,92.3076923076923
product-core_content-name_734443689_1,734443689_1,product-core,content-name,2025-06-17 09:27:31.895428 UTC,tr-tr,Londra Uçak Bileti Baskılı Kredi Kartı Sticker Kaplama,ar-ae,London Airplane Ticket Printed Credit Card Sticker Coating,طلاء ملصق بطاقة الائتمان مطبوع عليه تذكرة طائرة لندن,734443689,Alibaba,,86226,https://www.trendyol.com/ar/pname-p-734443689,Not OK,,,100.0
ugc-rr_customer-review_828498459_75272348,828498459_75272348,ugc-rr,customer-review,2024-12-19 21:13:59.819873 UTC,tr-tr,çok güzel kaliteli bi ürün indirimden aldim,ar-ae,,منتج ذو جودة لطيفة جدًا اشتريته بسعر مخفض,828498459,,,874,,OK,,,103.03030303030303
product-core_content-name_941809893_1,941809893_1,product-core,content-name,2025-06-01 14:01:34.071049 UTC,tr-tr,27CM GOLD PASLANMAZ METAL SEPET SÜZGEÇ KENDİNDEN KULPLU (5168),ar-ae,27cm Gold Stainless Metal Basket Strainer with Handle (5168),سلة مصفاة معدنية ذهبية مقاس 27 سم مع مقبض ذاتي (5168),941809893,Alibaba,,1778,https://www.trendyol.com/ar/pname-p-941809893,OK,,,85.36585365853658
product-core_content-name_828498452_1,828498452_1,product-core,content-name,2025-08-28 10:30:28.648554 UTC,tr-tr,VL COURT 3.0 EL C,ar-ae,Vl Court 3.0 El C,VL كورت 3.0 EL C,828498452,Alibaba,1472708.0,22587,https://www.trendyol.com/ar/pname-p-828498452,OK,,,36.36363636363637
product-core_content-description_966719189_1,966719189_1,product-core,content-description,2025-08-06 10:06:16.467273 UTC,tr-tr,Anzarun Lite Bold Günlük Ayakkabı Siyah,ar-ae,Anzarun lite bold daily shoes black,أحذية أسانرون لايت بولد اليومية السوداء,966719189,Alibaba,1935761.0,32661,https://www.trendyol.com/ar/pname-p-966719189,Not OK,Accuracy,,100.0
product-core_content-name_899950053_35,899950053_35,product-core,content-name,2025-02-17 09:58:38.614974 UTC,tr-tr,CHARRINGTON Kahverengi Kadın Omuz Çantası,ar-ae,,حقيبة كتف نسائية بنية من CHARRINGTON,899950053,,,91782,,Evaluation Blocked,,,64.51612903225806
product-core_content-description_773763843_1,773763843_1,product-core,content-description,2025-05-06 13:08:55.573072 UTC,tr-tr,Anzarun Lite Spor Ayakkabı,ar-ae,,حذاء أنزارون لايت الرياضي,773763843,Alibaba,2080656.0,92071,https://www.trendyol.com/ar/pname-p-773763843,OK,,,100.0
product-core_content-name_945160514_1,945160514_1,product-core,content-name,2025-06-16 04:58:08.077167 UTC,tr-tr,"Ford Foucs 2,5 Uyumlu Lüx Yarı Deri Oto Koltuk Kılıfı Ön Arka Takım ALPINE SİYAH MAVİ ags",ar-ae,"Ford Foucs 2,5 Compatible Luxury Semi-Leather Auto Seat Cover Front Rear Set Alpine Black Blue Ags",غطاء مقعد سيارة فاخر نصف جلد متوافق مع Ford Foucs 2.5 طقم أمامي وخلفي ALPINE BLACK BLUE ags,945160514,Alibaba,,17780,https://www.trendyol.com/ar/pname-p-945160514,OK,,,60.273972602739725
prod-qna_prod-qna_34721879_218230990_a,34721879_218230990_a,prod-qna,prod-qna,2025-06-17 11:04:55.350322 UTC,tr-tr,"Merhaba, beden tablosu ""Favorilere Ekle"" butonunun üst kısmında mevcuttur. İlginiz için teşekkür ederiz.",ar-ae,"Hello, the size chart is available at the top of the ""Add to Favorites"" button. Thank you for your interest.","مرحبًا، جدول المقاسات موجود أعلى زر ""إضافة إلى المفضلة"". شكرا لك على اهتمامك.",34721879,Alibaba,26504736.0,27693,https://www.trendyol.com/ar/pname-p-34721879,OK,,,103.38983050847457
product-core_content-description_886838801_43,886838801_43,product-core,content-description,2025-07-01 13:43:17.471595 UTC,tr-tr,Kruz Profoam AC+ PS Sneaker For All Time Red-PUMA Black,ar-ae,Kruz profoam ac+ ps sneaker for all time red-puma black,حذاء رياضي كروز بروفوم AC+ PS من أجل كل العصور باللون الأحمر-PUMA باللون الأسود,886838801,Alibaba,2817329.0,36089,https://www.trendyol.com/ar/pname-p-886838801,Not OK,Terminology,,87.5
product-core_content-name_955125357_1,955125357_1,product-core,content-name,2025-07-10 12:48:23.767626 UTC,tr-tr,Puma Rebound V6 Mid Jr Genç Günlük Ayakkabı 39383103 Kırmızı,ar-ae,Puma Rebound V6 Mid Jr Young Casual Shoes 39383103 Red,حذاء بوما ريباوند V6 ميد جونيور كاجوال للمراهقين 39383103 أحمر,955125357,Alibaba,1367451.0,27574,https://www.trendyol.com/ar/pname-p-955125357,Not OK,Terminology,,81.13207547169812
product-core_content-name_845122344_35,845122344_35,product-core,content-name,2025-05-05 06:43:54.909308 UTC,tr-tr,Vizon-Açık Yeşil-Beyaz Slim/Dar Kesim Bisiklet Yaka %100 Pamuklu 3'lü Paket T-Shirt TMNSS19BO0007,ar-ae,,تي شيرت Mink-Light Green-White Slim/Slim Cut برقبة دائرية 100% قطن مكون من 3 قطع TMNSS19BO0007,845122344,,,50058,,Not OK,مجموعة من 3 قمصان بألوان المينك والأخضر الفاتح والأبيض، مصنوعة من القطن بنسبة 100% وبقصة ضيقة ورقبة دائرية Tmnss19Bo0007,Some words are left in EN,38.15789473684211
product-core_content-name_800338753_1,800338753_1,product-core,content-name,2025-03-16 23:04:30.012231 UTC,tr-tr,Mürdüm Dokuma Plaj Gömleği TBESS22GO0664,ar-ae,Plum Woven Beach Shirt Tbess22Go0664,قميص شاطئ منسوج باللون البرقوق TBESS22GO0664,800338753,Alibaba,1764000.0,33088,https://www.trendyol.com/ar/pname-p-800338753,OK,,,66.66666666666666
ugc-rr_customer-review_298459017_64711386,298459017_64711386,ugc-rr,customer-review,2025-07-02 22:36:28.282005 UTC,tr-tr,Rengine bayıldımm. Çok teşekkürler,ar-ae,I love the color. Thanks so much,أنا أحب اللون. شكرا جزيلا,298459017,Alibaba,20022760.0,59340,https://www.trendyol.com/ar/pname-p-298459017,OK,,,100.0
product-core_content-name_765701686_1,765701686_1,product-core,content-name,2025-03-16 19:20:36.126436 UTC,tr-tr,Pembe Çizgili Dokuma Plaj Gömleği TBESS22GO0664,ar-ae,Pink Striped Woven Beach Shirt Tbess22Go0664,قميص الشاطئ المنسوج باللون الوردي TBESS22GO0664,765701686,Alibaba,1764000.0,32824,https://www.trendyol.com/ar/pname-p-765701686,OK,,,69.04761904761905
product-core_content-name_886841373_1,886841373_1,product-core,content-name,2025-08-28 10:22:41.997479 UTC,tr-tr,X-Ray 3 Lt Siyah Erkek Sneaker 40022901,ar-ae,X-Ray 3 Lt Black Men's Sneaker 40022901,حذاء رياضي رجالي أسود X-Ray 3 Lt 40022901,886841373,Alibaba,2127531.0,82251,https://www.trendyol.com/ar/pname-p-886841373,OK,,,54.54545454545454
product-core_content-name_760541625_1,760541625_1,product-core,content-name,2025-08-19 05:28:30.706767 UTC,tr-tr,Koyu Mavi More Sustainable Yıkama Efektli Bol Kesim Yüksek Bel Loose Baggy Jeans TWOAW24JE00308,ar-ae,Dark Blue More Sustainable Wash Effect Loose Cut High Waist Loose Baggy Jeans Twoaw24Je00308,بنطلون جينز فضفاض ذو قصة واسعة وخصر عالٍ بتأثير غسيل مستدام أكثر باللون الأزرق الداكن TWOAW24JE00308,760541625,Alibaba,1039358.0,69744,https://www.trendyol.com/ar/pname-p-760541625,Not OK,Accuracy,,84.52380952380952
ugc-rr_customer-review_121362090_12173095,121362090_12173095,ugc-rr,customer-review,2025-06-28 22:39:04.474005 UTC,tr-tr,Umarım faydalı olur temelim sıfır,ar-ae,I hope it is useful my basis is zero,آمل أن يكون هذا مفيدًا، فأساسي هو الصفر,121362090,Alibaba,,3013,https://www.trendyol.com/ar/pname-p-121362090,Not OK,,,106.66666666666667
product-core_content-name_976793307_1,976793307_1,product-core,content-name,2025-08-22 14:23:20.978065 UTC,tr-tr,U.S. Polo Assn. Wmn Siyah Kadın Sneaker,ar-ae,U.S. Polo Assn. Wmn Black Women's Sneaker,يو اس بولو اسن. حذاء رياضي نسائي أسود من Wmn,976793307,Alibaba,2152566.0,16403,https://www.trendyol.com/ar/pname-p-976793307,OK,,,91.17647058823529
product-core_content-name_963536976_1,963536976_1,product-core,content-name,2025-08-01 11:56:32.475959 UTC,tr-tr,Orijinal U.S. Polo Assn. Beyaz Erkek Sneaker,ar-ae,Original U.S. Polo Assn. White Men's Sneaker,يو اس بولو اسن حذاء رياضي رجالي أبيض,963536976,Alibaba,18834360.0,77789,https://www.trendyol.com/ar/pname-p-963536976,OK,,,100.0
product-core_content-name_898980257_1,898980257_1,product-core,content-name,2025-02-19 06:11:47.283232 UTC,tr-tr,Beyaz-Mint-Taş-Açık Mavi-Haki 5'li Slim/Dar Kesim 5'li Paket %100 Tok Kumaş T-shirt TMNAW20TS0243,ar-ae,White-Mint-Rhinestone-Light Blue-Khaki 5-Piece Slim/Narrow Cut 5-Pack 100% T-Shirt T-Shirt Tmnaw20Ts0243,تي شيرت أبيض-Mint-Stone-Light Blue-Khaki 5-Pack Slim/Slim Cut 5-Pack 100% تي شيرت من القماش المتين TMNAW20TS0243,898980257,Alibaba,1654324.0,99516,https://www.trendyol.com/ar/pname-p-898980257,Not OK,Terminology,,33.33333333333333
product-core_content-name_3952777_35,3952777_35,product-core,content-name,2025-03-28 17:15:34.091977 UTC,tr-tr,%100 Doğal Roll-on Kadın Deodorant Ter Kokusu Önleyici Bitkisel Leke Bırakmayan Vegan 50 ml,ar-ae,,مزيل عرق نسائي طبيعي 100% مضاد للعرق ومضاد للبقع نباتي نباتي 50 مل,3952777,,,78276,,Not OK,,,90.56603773584906
product-core_content-name_234085241_1,234085241_1,product-core,content-name,2024-04-17 10:24:57.645134 UTC,tr-tr,Turuncu Kuşaklı Hakim Yaka Düğme Detaylı Dokuma Elbise TCTSS21EL3343,ar-ae,Orange Belted Prevailing Collar Button Detail Woven Dress TCTSS21EL3343,فستان منسوج بحزام برتقالي وأزرار وطية صدر السترة TCTSS21EL3343,234085241,,2227713.0,2525,https://www.trendyol.com/ar/pname-p-234085241,OK,,,75.92592592592592
prod-qna_prod-qna_310922752_336590808_q,310922752_336590808_q,prod-qna,prod-qna,2025-08-08 22:14:51.361125 UTC,tr-tr,en büyük beden de uzunluğu diğer bedenlerle aynımıdır,ar-ae,Is the length of the largest size the same as the other sizes?,هل الحجم الأكبر هو نفس الطول مثل الأحجام الأخرى؟,310922752,Alibaba,38594961.0,4202,https://www.trendyol.com/ar/pname-p-310922752,OK,,,102.56410256410255
product-core_content-name_971374406_1,971374406_1,product-core,content-name,2025-08-14 10:28:10.557371 UTC,tr-tr,Flyer Runner Günlük Ayakkabı,ar-ae,Flyer Runner Casual Shoes,أحذية فلاير رانر الكاجوال,971374406,Alibaba,24456151.0,59343,https://www.trendyol.com/ar/pname-p-971374406,Not OK,Accuracy,,100.0
prod-qna_prod-qna_42737001_206907534_a,42737001_206907534_a,prod-qna,prod-qna,2025-06-17 16:55:05.957442 UTC,tr-tr,"Merhaba, ürün koşu ayakkabısıdır. Size uygun olduğunu düşünüyorsanız tercih edebilirsiniz.  İlginiz için teşekkür ederiz.",ar-ae,"Hello, the product is a running shoe. If you think it suits you, you can choose it. Thank you for your interest.",مرحبًا، المنتج عبارة عن حذاء للجري. إذا كنت تعتقد أنه مناسب لك، يمكنك اختياره. شكرا لك على اهتمامك.,42737001,Alibaba,26504736.0,57204,https://www.trendyol.com/ar/pname-p-42737001,OK,,,103.94736842105263
product-core_content-description_886841447_35,886841447_35,product-core,content-description,2025-07-01 13:46:24.765574 UTC,tr-tr,77.59% Leather + 22.41% Synthetic,ar-ae,77.59% leather + 22.41% synthetic,77.59% جلد + 22.41% صناعي,886841447,Alibaba,4865891.0,70410,https://www.trendyol.com/ar/pname-p-886841447,OK,,,50.0
product-core_content-name_902983413_35,902983413_35,product-core,content-name,2025-02-28 13:50:51.835831 UTC,tr-tr,MNSWCLUBJSYSHORT,ar-ae,,MNSWCLUBJSYSHORT,902983413,,,9140,,Evaluation Blocked,,,0.0
ugc-rr_customer-review_828498459_13006665,828498459_13006665,ugc-rr,customer-review,2025-02-25 21:24:14.708566 UTC,tr-tr,kargo çok hızlıdır. cumartesi istedim pazartesi sabah getirdiler. Ayakkabı kalıbı dar yarım numara büyük alınmalı,ar-ae,,الشحن سريع جدا. أردت ذلك يوم السبت أحضروه صباح الاثنين. مقاس الحذاء ضيق، قم بشراء مقاس أكبر بنصف مقاس,828498459,,,4623,,OK,,,101.25
prod-qna_prod-qna_42713792_270419253_q,42713792_270419253_q,prod-qna,prod-qna,2025-04-11 22:49:48.274577 UTC,tr-tr,urunu almistim urunu camasir makinasinda yikasak bi deformasyon vs olurmu,ar-ae,,لقد اشتريت المنتج، فهل سيكون هناك أي تشوه وما إلى ذلك إذا تم غسل المنتج في الغسالة؟,42713792,,,54657,,OK,,,103.07692307692307
product-core_content-name_900775285_35,900775285_35,product-core,content-name,2025-02-20 08:02:28.725613 UTC,tr-tr,PURE KLUTCH,ar-ae,,قابس نقي,900775285,,,16711,,OK,Pure Clutch,,100.0
prod-qna_prod-qna_34721887_265027923_q,34721887_265027923_q,prod-qna,prod-qna,2025-06-17 17:46:45.349479 UTC,tr-tr,ayak içi 26 cm kaç numara tercih etmeliyim. Bu marka giymediğim için kalıbına da hakim değilim,ar-ae,"The inside of the foot is 26 cm. What size should I choose? Since I don't wear this brand, I don't know the fit.",طول القدم من الداخل 26 سم، ما المقاس الذي يجب أن أختاره؟ وبما أنني لا أرتدي هذه العلامة التجارية، فأنا لا أعرف المقاس المناسب لها.,34721887,Alibaba,26504736.0,377,https://www.trendyol.com/ar/pname-p-34721887,OK,,,100.98039215686273
prod-qna_prod-qna_72024877_121616704_q,72024877_121616704_q,prod-qna,prod-qna,2025-06-16 14:40:06.115138 UTC,tr-tr,Karartma solma olurmu hemen yoksa Bi süre sonramı solar,ar-ae,Will the darkening fade immediately or will it fade after a while?,هل سيتلاشى التعتيم على الفور أم سيتلاشى بعد فترة؟,72024877,Alibaba,,21319,https://www.trendyol.com/ar/pname-p-72024877,OK,,,102.49999999999999
ugc-rr_customer-review_887260533_11557116,887260533_11557116,ugc-rr,customer-review,2025-03-21 21:39:41.132811 UTC,tr-tr,tam kalıp 37 giyorum tam oldu,ar-ae,,أرتدي مقاس 37، وهو مناسب تمامًا,887260533,,,73153,,OK,,,100.0
ugc-rr_customer-review_828498459_79385668,828498459_79385668,ugc-rr,customer-review,2025-03-02 21:24:03.026351 UTC,tr-tr,ayakkabi güzel orjinal olduğunu düşünüyorum resimdekiler birebir zaten sürekli kullandığım bir marka gönül rahatlığıyla alabilirsjniz,ar-ae,,أعتقد أن الأحذية جميلة ومبتكرة إنها تمامًا كما في الصورة، إنها علامة تجارية أستخدمها طوال الوقت، يمكنك شراؤها براحة البال.,828498459,,,13084,,OK,,,103.03030303030303
product-core_content-name_902983397_35,902983397_35,product-core,content-name,2025-02-28 13:50:51.824158 UTC,tr-tr,COURT BOROUGH LOW RECRAFT BTV,ar-ae,,كورت بوروج منخفض التصنيع BTV,902983397,,,52531,,Not OK,,transliteration + literal translation,87.5
ugc-rr_customer-review_163999058_114198935,163999058_114198935,ugc-rr,customer-review,2025-07-13 22:47:42.725194 UTC,tr-tr,Asla göründüğü gibi değil çok kalitesiz iade ettim.,ar-ae,"It was not what it looked like, very poor quality, I returned it.",لم يكن الأمر كما يبدو، نوعية سيئة للغاية، لقد قمت بإعادته.,163999058,Alibaba,20022760.0,29369,https://www.trendyol.com/ar/pname-p-163999058,OK,,,104.44444444444446
product-core_content-description_965748493_1,965748493_1,product-core,content-description,2025-08-05 08:54:09.983279 UTC,tr-tr,adidas Cloudfoam Move Erkek Koşu Ayakkabısı ID6528 Siyah,ar-ae,Adidas cloudfoam move men's running shoes id6528 black,حذاء الجري adidas Cloudfoam Move للرجال ID6528 أسود,965748493,Alibaba,2314628.0,61605,https://www.trendyol.com/ar/pname-p-965748493,OK,,,43.18181818181818
product-core_content-name_783608360_1,783608360_1,product-core,content-name,2025-06-24 21:27:05.496134 UTC,tr-tr,Daelim Beagle Motosiklet Brandası Arka Çanta UYUMLU,ar-ae,Daelim Beagle Motorcycle Tarpaulin Rear Bag Compatible,حقيبة خلفية من القماش القطني للدراجة النارية Daelim Beagle متوافقة,783608360,Alibaba,,12701,https://www.trendyol.com/ar/pname-p-783608360,OK,,,78.94736842105263
product-core_content-name_922666396_1,922666396_1,product-core,content-name,2025-08-20 13:32:17.246349 UTC,tr-tr,530 SUMMER FOG,ar-ae,530 summer fog,530 ضباب الصيف,922666396,Alibaba,1237624.0,19274,https://www.trendyol.com/ar/pname-p-922666396,Not OK,Terminology,,75.0
product-core_content-name_887261819_1,887261819_1,product-core,content-name,2025-08-28 10:22:02.005819 UTC,tr-tr,Galaxy 7 W Krem Kadın Koşu Antreman Ayakkabısı Jı4606,ar-ae,Galaxy 7 W Cream Women's Running Training Shoes Jı4606,حذاء الجري للنساء Galaxy 7 W Cream Jı4606,887261819,Alibaba,1243223.0,15797,https://www.trendyol.com/ar/pname-p-887261819,Not OK,Accuracy,,44.11764705882353
product-core_content-description_975266017_1,975266017_1,product-core,content-description,2025-08-20 11:24:03.396022 UTC,tr-tr,Orijinal U.; S.; Polo Assn.; Beyaz Sneaker,ar-ae,Original u.; s.; polo assn. White sneaker,الأصلي يو.؛ س.؛ بولو أسن. حذاء رياضي أبيض,975266017,Alibaba,8578576.0,81632,https://www.trendyol.com/ar/pname-p-975266017,OK,,,106.89655172413792
product-core_content-name_945319445_1,945319445_1,product-core,content-name,2025-06-16 14:19:22.195532 UTC,tr-tr,Flyer Lite 3 Erkek Koşu Ayakkabısı 31079704 Renkli,ar-ae,Flyer Lite 3 Men's Running Shoes 31079704 Colorful,حذاء الجري فلاير لايت 3 للرجال 31079704 ملون,945319445,Alibaba,26504736.0,79655,https://www.trendyol.com/ar/pname-p-945319445,OK,,,75.67567567567568
prod-qna_prod-qna_236476744_288630549_q,236476744_288630549_q,prod-qna,prod-qna,2025-06-17 14:00:30.638065 UTC,tr-tr,merhaba 4 adet perde almak istiyorum.pileli olacak. nasıl verebilirim size ölçüyü,ar-ae,"Hello, I want to buy 4 curtains. They will be pleated. How can I give you the measurement?",مرحبا أريد شراء 4 ستائر ستكون مطوية. كيف يمكنني أن أعطيك القياس؟,236476744,Alibaba,,78742,https://www.trendyol.com/ar/pname-p-236476744,OK,,,100.0
product-core_content-description_886838060_1,886838060_1,product-core,content-description,2025-08-27 19:58:00.428130 UTC,tr-tr,Flyer Lite 3 Koşu & Antrenman Ayakkabısı,ar-ae,Flyer Lite 3 Running & Training Shoes,حذاء الجري والتدريب Flyer Lite 3,886838060,Alibaba,4049575.0,78299,https://www.trendyol.com/ar/pname-p-886838060,OK,,,62.96296296296296
product-core_content-name_458839091_1,458839091_1,product-core,content-name,2025-02-11 22:45:10.866672 UTC,tr-tr,Smash 3.0 Sneaker,ar-ae,Smash 3.0 Sneakers,حذاء رياضي سماش 3.0,458839091,Alibaba,1579901.0,93780,https://www.trendyol.com/ar/pname-p-458839091,OK,,,86.66666666666667
product-core_content-name_903022453_35,903022453_35,product-core,content-name,2025-04-08 08:28:31.189435 UTC,tr-tr,Kadın Taş Kruvaze Yaka Çizgili Kendinden Kuşaklı Tulum ALC-X13800,ar-ae,,بذلة نسائية ذات ياقة مزدوجة الصدر ومخططة بحزام ذاتي ALC-X13800,903022453,,,26628,,OK,,,82.6923076923077
product-core_content-name_348322272_1,348322272_1,product-core,content-name,2024-04-18 12:51:31.399566 UTC,tr-tr,Kadın Orta Kırmızı Oversize Uzun Basic Gömlek DD00842,ar-ae,Women's Medium Red Oversize Long Basic Shirt DD00842,قميص نسائي أساسي طويل متوسط الحجم باللون الأحمر DD00842,348322272,Alibaba,20022760.0,41269,https://www.trendyol.com/ar/pname-p-348322272,Not OK,Terminology,,85.1063829787234
prod-qna_prod-qna_89234147_340713825_a,89234147_340713825_a,prod-qna,prod-qna,2025-08-19 22:21:30.432323 UTC,tr-tr,"Merhaba, ürünün kol boyu 53 cm'dir. İlginiz için teşekkür ederiz.",ar-ae,"Hello, the arm length of the product is 53 cm. Thank you for your interest.",مرحبًا، طول أكمام المنتج 53 سم. شكرا لك على اهتمامك.,89234147,Alibaba,38594961.0,82297,https://www.trendyol.com/ar/pname-p-89234147,OK,,,100.0
product-core_content-name_920741442_35,920741442_35,product-core,content-name,2025-03-18 08:43:46.443113 UTC,tr-tr,AE Long-Sleeve Linen-Blend Button-Up Shirt,ar-ae,,قميص AE بأكمام طويلة ومزود بأزرار,920741442,,,94854,,Not OK,قميص يحتوي على الكتان، بأكمام طويلة ومزود بأزرار من AE,,92.85714285714286
product-core_content-name_898634434_1,898634434_1,product-core,content-name,2025-02-17 11:35:33.414170 UTC,tr-tr,Bordo-Gri-Lacivert 3'lü Paket Slim/Dar Kesim Basic %100 Pamuk Tok Kumaş T-shirt TMNSS19BO0007,ar-ae,Burgundy-Grey-Navy Blue 3 Pack Slim/Narrow Cut Basic 100% Cotton T-Shirts Tmnss19Bo0007,تي شيرت أساسي مصنوع من القطن بنسبة 100% باللون العنابي والرمادي والأزرق الداكن مكون من 3 قطع TMNSS19BO0007,898634434,Alibaba,3905083.0,7127,https://www.trendyol.com/ar/pname-p-898634434,Not OK,Accuracy,,80.68181818181817
ugc-rr_customer-review_237611091_6380007,237611091_6380007,ugc-rr,customer-review,2025-06-14 22:32:59.922244 UTC,tr-tr,Begendimm.,ar-ae,I like it.,أحبها.,237611091,Alibaba,,32573,https://www.trendyol.com/ar/pname-p-237611091,OK,,,100.0
product-core_content-name_711562195_35,711562195_35,product-core,content-name,2025-04-04 11:14:11.525154 UTC,tr-tr,Uncertaın Erkek Comfort Fit Vanilya Şort & Bermuda,ar-ae,,شورت برمودا وفانيليا مناسب للرجال من Uncertaın,711562195,,,34581,,Not OK,,Incorrect translation,77.5
product-core_content-name_896774944_35,896774944_35,product-core,content-name,2025-02-12 19:16:28.813388 UTC,tr-tr,Vegan Deri Bozuk Para Gözlü Bol Kartlıklı Mini Leopar Desen Kahverengi Kadın Cüzdanı,ar-ae,,محفظة نسائية بنية اللون من الجلد النباتي مع الكثير من حامل البطاقات ونمط الفهد النباتي,896774944,,,78065,,Not OK,,,100.0
product-core_content-name_920741429_35,920741429_35,product-core,content-name,2025-03-18 08:43:46.429706 UTC,tr-tr,AE Weekend Vibes Long-Sleeve Button-Up Shirt,ar-ae,,قميص AE Weekend Vibes بأكمام طويلة وأزرار,920741429,,,71418,,OK,,,60.0
product-core_content-name_948358235_1,948358235_1,product-core,content-name,2025-06-25 08:39:27.559028 UTC,tr-tr,Erkek Günlük Ayakkabı Beyaz 37112803 Anzarun Lite,ar-ae,Men's Casual Shoes White37112803 Anzarun Lite,حذاء كاجوال رجالي باللون الأبيض37112803 أنزارون لايت,948358235,Alibaba,2525699.0,68651,https://www.trendyol.com/ar/pname-p-948358235,OK,,,82.6086956521739
prod-qna_prod-qna_34721879_298716167_q,34721879_298716167_q,prod-qna,prod-qna,2025-06-17 17:57:08.626790 UTC,tr-tr,kumaşı esneme yapar mı .. fişe olduğu için,ar-ae,Does it stretch the fabric? Because it is plugged in,هل يمتد القماش لأنه مثبت؟,34721879,Alibaba,26504736.0,98616,https://www.trendyol.com/ar/pname-p-34721879,OK,,,105.0
prod-qna_prod-qna_34721879_319940223_a,34721879_319940223_a,prod-qna,prod-qna,2025-06-16 08:23:35.958547 UTC,tr-tr,"Merhaba, ürün tam kalıptır. İlginiz için teşekkür ederiz.",ar-ae,"Hello, the product is a perfect fit. Thank you for your interest.",مرحبا، المنتج مثالي. شكرا لك على اهتمامك.,34721879,Alibaba,26504736.0,13243,https://www.trendyol.com/ar/pname-p-34721879,OK,,,103.125
prod-qna_prod-qna_42639036_340459884_q,42639036_340459884_q,prod-qna,prod-qna,2025-08-18 22:14:20.788860 UTC,tr-tr,merhaba 1.60 boy kalçayı kapatır mi,ar-ae,"Hello, I am 1.60 tall. Does it cover the hips?",مرحبا، طولي 1.60، هل يغطي الوركين؟,42639036,Alibaba,26374292.0,42860,https://www.trendyol.com/ar/pname-p-42639036,OK,,,100.0
prod-qna_prod-qna_42713792_304463652_q,42713792_304463652_q,prod-qna,prod-qna,2025-04-19 21:49:11.385151 UTC,tr-tr,Merhaba.Taban kauçuk mu yada salon sporları için uygunmudur,ar-ae,,السلام عليكم هل النعل مطاط أم مناسب للرياضات الداخلية؟,42713792,,,78836,,OK,,,102.22222222222221
prod-qna_prod-qna_42737001_194977842_a,42737001_194977842_a,prod-qna,prod-qna,2025-06-17 15:08:29.995867 UTC,tr-tr,"Merhaba, 41,5 numara 26 cmdir.İyi günler dileriz.",ar-ae,"Hello, size 41.5 is 26 cm. We wish you a good day.",مرحبا مقاس 41.5 هو 26 سم نتمنى لكم يوم سعيد.,42737001,Alibaba,26504736.0,64641,https://www.trendyol.com/ar/pname-p-42737001,OK,,,84.84848484848484
product-core_content-name_902983550_35,902983550_35,product-core,content-name,2025-02-28 13:50:51.937400 UTC,tr-tr,NKN CLUB TEE & SHORT SET,ar-ae,,تيشيرت وشورت NKN CLUB,902983550,,,63736,,OK,,,61.111111111111114
ugc-rr_customer-review_926339712_22720927,926339712_22720927,ugc-rr,customer-review,2025-06-06 22:47:56.777468 UTC,tr-tr,Hemen takıp bi denemek istedim ölçüler ve kalite mükemmel,ar-ae,"I wanted to put it on and try it right away, the dimensions and quality are perfect.",أردت أن أرتديه على الفور وأجربه، فالقياسات والجودة مثالية.,926339712,Alibaba,,98219,https://www.trendyol.com/ar/pname-p-926339712,OK,,,102.08333333333333
product-core_content-name_458839177_36,458839177_36,product-core,content-name,2025-07-01 11:49:55.864167 UTC,tr-tr,Erkek Sneaker Ayakkabı Smash 3.0 L 39098702,ar-ae,Men's Sneaker Shoes Smash 3.0 L 39098702,حذاء رياضي للرجال سماش 3.0 لتر 39098702,458839177,Alibaba,1493165.0,33783,https://www.trendyol.com/ar/pname-p-458839177,Not OK,Terminology,,68.75
product-core_content-name_275203498_1,275203498_1,product-core,content-name,2025-06-25 10:29:01.129458 UTC,tr-tr,Genleşme Şişe Hortumu Opel Astra H-zafıra B 1.4-1.6-1.8-2.2,ar-ae,Expansion Bottle Hose Opel Astra H-zafira B 1.4-1.6-1.8-2.2,خرطوم زجاجة التمدد أوبل أسترا H-Zafira B 1.4-1.6-1.8-1.8-2.2,275203498,DeepL,,39854,https://www.trendyol.com/ar/pname-p-275203498,OK,,,58.139534883720934
product-core_content-name_941977890_1,941977890_1,product-core,content-name,2025-06-02 12:16:17.660097 UTC,tr-tr,Çift Cepli Poplin Elbise Lacivert,ar-ae,Double Pocket Poplin Dress Navy Blue,فستان بوبلين بجيب مزدوج باللون الأزرق الداكن,941977890,Alibaba,,54790,https://www.trendyol.com/ar/pname-p-941977890,OK,,,100.0
product-core_content-name_945276224_1,945276224_1,product-core,content-name,2025-06-16 12:33:47.862193 UTC,tr-tr,Statik Kağıt Boy Ölçer (Model-8) 48 CM X 160 CM HNZRN,ar-ae,Static Paper Size Gauge (Model-8) 48 cm X 160 cm Hnzrn,مقياس طول الورق الثابت (موديل-8) 48 سم × 160 سم HNZRN,945276224,Alibaba,,56507,https://www.trendyol.com/ar/pname-p-945276224,OK,,,71.7948717948718
product-core_content-name_957301607_1,957301607_1,product-core,content-name,2025-07-16 13:04:38.337790 UTC,tr-tr,- Önü Yazı Detaylı Basic T-Shirt-Siyah,ar-ae,- Basic T-Shirt with Text Detail on the Front-Black,- تي شيرت أساسي بتفاصيل نص أمامي - أسود,957301607,Alibaba,4358529.0,41486,https://www.trendyol.com/ar/pname-p-957301607,Not OK,Accuracy,,100.0
ugc-rr_customer-review_746100682_48778138,746100682_48778138,ugc-rr,customer-review,2025-07-03 22:51:39.161848 UTC,tr-tr,Tesettürlüyüm azıcık uzun olmasını isterdim,ar-ae,"I wear hijab, I wish it was a little longer.",أرتدي الحجاب، وأتمنى أن يكون أطول قليلاً,746100682,Alibaba,20022760.0,78546,https://www.trendyol.com/ar/pname-p-746100682,Not OK,Accuracy,,106.25
product-core_content-description_797365148_49,797365148_49,product-core,content-description,2025-07-01 13:06:37.956426 UTC,tr-tr,Puma Erkek Günlük Ayakkabı Court Classic 39501802,ar-ae,Puma men's casual shoes court classic 39501802,حذاء رجالي يومي من بوما كورت كلاسيك 39501802,797365148,Alibaba,2051752.0,6634,https://www.trendyol.com/ar/pname-p-797365148,OK,,,78.37837837837837
product-core_content-name_945389922_1,945389922_1,product-core,content-name,2025-06-16 20:33:41.803298 UTC,tr-tr,Ebat 80x90 Cm Amerikan Bristol Kağıt Karton 300 gr.Adet :75,ar-ae,Size 80X90 cm American Bristol Paper Cardboard 300 Gr. Quantity: 75,مقاس 80×90 سم ورق بريستول أمريكي كرتون 300 جرام.الكمية:75,945389922,Alibaba,,84023,https://www.trendyol.com/ar/pname-p-945389922,OK,,,80.43478260869566
product-core_content-description_2495438_1,2495438_1,product-core,content-description,2025-07-19 12:07:31.525314 UTC,tr-tr,Kadın Siyah 6'lı Paket Külot Elf568t0635ccm6,ar-ae,Women's Black 6 Pack Panties Elf568T0635Ccm6,سراويل داخلية نسائية سوداء مكونة من 6 قطع Elf568t0635ccm6,2495438,Alibaba,1824502.0,98937,https://www.trendyol.com/ar/pname-p-2495438,OK,,,67.3469387755102
ugc-rr_customer-review_828498459_73517888,828498459_73517888,ugc-rr,customer-review,2025-01-07 21:23:47.075281 UTC,tr-tr,Çok güzel rahat ve orijinal,ar-ae,,جميلة جدًا ومريحة ومبتكرة,828498459,,,2873,,OK,,,104.76190476190477
product-core_content-name_958450324_1,958450324_1,product-core,content-name,2025-07-19 08:42:37.173984 UTC,tr-tr,Duramo Speed 2 W Kadın Koşu Ayakkabısı IF9392 Beyaz,ar-ae,Duramo Speed 2 W Women's Running Shoes If9392 White,حذاء الجري Duramo Speed ​​2 W للنساء IF9392 أبيض,958450324,Alibaba,1367801.0,82198,https://www.trendyol.com/ar/pname-p-958450324,OK,,,50.0
product-core_content-name_843184316_1,843184316_1,product-core,content-name,2025-06-23 13:29:54.423382 UTC,tr-tr,Fıat Albea- 02/05; Arka Kapı Durdurucusu Sağ/sol Aynı (ADET) (KAPI GERGİSİ) 46845412,ar-ae,Fiat Albea- 02/05; Rear Door Stopper Right/Left Same (Qty) (Door Tensioner) 46845412,فيات ألبيا- 02/05؛ مانع الباب الخلفي يمين/يسار نفس (كمية) (شد الباب) 46845412,843184316,Alibaba,,59784,https://www.trendyol.com/ar/pname-p-843184316,OK,,,81.03448275862068
ugc-rr_customer-review_871188917_13770034,871188917_13770034,ugc-rr,customer-review,2025-06-11 22:20:40.080930 UTC,tr-tr,indieim oldukça alıyorum,ar-ae,I'm getting indieim pretty,أحصل على indieim إلى حد كبير,871188917,Alibaba,,23538,https://www.trendyol.com/ar/pname-p-871188917,Not OK,,,69.56521739130434
product-core_content-description_905721850_1,905721850_1,product-core,content-description,2025-05-09 10:19:29.792401 UTC,tr-tr,Anzarun Lite Koşu Ayakkabısı Renkli,ar-ae,Anzarun Lite Running Shoes Colorful,حذاء الجري لايت من أنزارون لايت ملون,905721850,DeepL,4322072.0,41257,https://www.trendyol.com/ar/pname-p-905721850,OK,,,100.0
product-core_content-description_886925789_1,886925789_1,product-core,content-description,2025-06-25 05:15:35.303288 UTC,tr-tr,sh - Döküm Yuvarlak Grill Izgara Tavası Genghis Khan Serisi Çift Kulp ve Silikon Tel Saplı Çap32,ar-ae,Sh - cast round grill grill pan genghis khan series double handle and silicone wire handle diameter32,sh - مقلاة شواء مستديرة من سلسلة جنكيش خان بمقبض مزدوج ومقبض سلكي من السيليكون، قطر 32,886925789,Alibaba,,51359,https://www.trendyol.com/ar/pname-p-886925789,OK,,,95.58823529411765
prod-qna_prod-qna_314204749_89488041_a,314204749_89488041_a,prod-qna,prod-qna,2025-06-17 18:41:33.067766 UTC,tr-tr,evet efendim brillant ürün kasa boru alüminyum ve %100 karartma saglar,ar-ae,"Yes sir, brilliant product, casing pipe is aluminum and provides 100% blackout.",نعم يا سيدي، منتج رائع، العلبة مصنوعة من الألومنيوم وتوفر تعتيم بنسبة 100%.,314204749,Alibaba,,15209,https://www.trendyol.com/ar/pname-p-314204749,OK,,,98.30508474576271
prod-qna_prod-qna_771943581_196046016_a,771943581_196046016_a,prod-qna,prod-qna,2025-06-17 09:56:15.434153 UTC,tr-tr,çocuk kaç yaşında..?,ar-ae,how old is the child..?,كم عمر الطفل..؟,771943581,Alibaba,,6554,https://www.trendyol.com/ar/pname-p-771943581,OK,,,110.00000000000001
prod-qna_prod-qna_35839749_296842210_a,35839749_296842210_a,prod-qna,prod-qna,2025-03-06 11:27:40.432800 UTC,tr-tr,"Merhaba, size uygun olduğunu düşünüyorsanız tercih edebilirsiniz. İlginiz için teşekkür ederiz.",ar-ae,,أهلاً بك، يمكنك اختياره إذا كنت تعتقد أنه مناسب لك. شكرا لك على اهتمامك.,35839749,,,4649,,OK,,,103.63636363636364
product-core_content-name_386260904_1,386260904_1,product-core,content-name,2025-06-25 11:10:54.508815 UTC,tr-tr,Far Fıskiye Kapağı Sağ Doblo Jet 09-15,ar-ae,Headlight Bubbler Cover Right Doblo Jet 09-15,غطاء رأس الرشاش الأيمن Doblo Jet 09-15,386260904,Alibaba,,2680,https://www.trendyol.com/ar/pname-p-386260904,Not OK,,,61.29032258064516
prod-qna_prod-qna_703925101_144682614_q,703925101_144682614_q,prod-qna,prod-qna,2025-06-17 11:51:37.753058 UTC,tr-tr,85c sutyen takıyorum hangi bedeni almaliyim,ar-ae,"I wear a 85c bra, which size should I buy?",أرتدي حمالة صدر 85c، ما هو المقاس الذي يجب أن أشتريه؟,703925101,Alibaba,,83493,https://www.trendyol.com/ar/pname-p-703925101,OK,,,97.5609756097561
product-core_content-name_380669772_1,380669772_1,product-core,content-name,2025-07-22 08:55:35.494813 UTC,tr-tr,Tensaur Hook and Loop Ayakkabı,ar-ae,Tensaur Hook and Loop Shoes,أحذية Tensaur Hook and Loop,380669772,Alibaba,2614642.0,70467,https://www.trendyol.com/ar/pname-p-380669772,Not OK,Accuracy,,21.73913043478261
product-core_content-name_951844298_1,951844298_1,product-core,content-name,2025-07-03 12:31:46.252102 UTC,tr-tr,Puma Shuffle Erkek Günlük Ayakkabı 30966803 Beyaz,ar-ae,Puma Shuffle Men's Casual Shoes30966803 White,بوما شوفل أحذية رجالية عادية30966803 أبيض,951844298,Alibaba,1579901.0,84923,https://www.trendyol.com/ar/pname-p-951844298,Not OK,Accuracy,,77.77777777777779
product-core_content-name_971375833_1,971375833_1,product-core,content-name,2025-08-14 10:35:14.078390 UTC,tr-tr,Skyrocket Lite Erkek Koşu Ayakkabısı,ar-ae,Skyrocket Lite Men's Running Shoes,حذاء الجري Skyrocket Lite للرجال,971375833,Alibaba,24456151.0,35528,https://www.trendyol.com/ar/pname-p-971375833,OK,,,53.57142857142857
ugc-rr_customer-review_133618013_195325786,133618013_195325786,ugc-rr,customer-review,2025-06-17 22:20:10.259378 UTC,tr-tr,Ben beğendim. Merak eden varsa baskı lacivert değil siyah.,ar-ae,"I like it. In case anyone is wondering, the print is black, not navy blue.",أحبها. الطباعة سوداء وليست زرقاء داكنة إذا كان أي شخص يتساءل.,133618013,Alibaba,,46687,https://www.trendyol.com/ar/pname-p-133618013,OK,,,100.0
product-core_content-name_1033373_1,1033373_1,product-core,content-name,2025-08-28 21:13:11.502986 UTC,tr-tr,Chuck Taylor All Star Hi Unisex Siyah Sneaker,ar-ae,Chuck Taylor All Star Hi Unisex Black Sneaker,حذاء تشاك تايلور أول ستار هاي الرياضي باللون الأسود للجنسين,1033373,Alibaba,1152629.0,71153,https://www.trendyol.com/ar/pname-p-1033373,OK,,,100.0
product-core_content-name_949120679_1,949120679_1,product-core,content-name,2025-06-26 17:14:05.545174 UTC,tr-tr,iPhone 14 Plus Uyumlu TLZN Milce Kılıf-Gümüş,ar-ae,iPhone 14 Plus Compatible Tlzn Milce Case-Silver,حافظة TLZN Milce المتوافقة مع هاتف iPhone 14 Plus - فضي,949120679,Alibaba,,35642,https://www.trendyol.com/ar/pname-p-949120679,OK,,,52.27272727272727
product-core_content-description_967606564_1,967606564_1,product-core,content-description,2025-08-07 08:20:04.348847 UTC,tr-tr,Puma Softrıde Mayve Wn S Kadın Koşu Ayakkabısı 31016014 Yeşil,ar-ae,Puma softride fruit wn s women's running shoes 31016014 green,حذاء الجري Puma Softride Fruit Wn S للنساء 31016014 أخضر,967606564,Alibaba,3227551.0,14300,https://www.trendyol.com/ar/pname-p-967606564,OK,,,40.42553191489361
product-core_content-name_886839157_1,886839157_1,product-core,content-name,2025-08-28 10:04:13.991864 UTC,tr-tr,Skyrocket Lite Lacivert Erkek Koşu Ayakkabısı 37943740,ar-ae,Skyrocket Lite Navy Blue Men's Running Shoes 37943740,حذاء الجري Skyrocket Lite باللون الأزرق الداكن للرجال 37943740,886839157,Alibaba,1712523.0,35440,https://www.trendyol.com/ar/pname-p-886839157,OK,,,61.111111111111114
product-core_content-name_945839802_1,945839802_1,product-core,content-name,2025-06-18 07:12:47.605018 UTC,tr-tr,A.Hakı Kadın Omuz Çantası Us24732,ar-ae,A.Haki Women's Shoulder Bag Us24732,حقيبة كتف نسائية من A.Haki Us24732,945839802,Alibaba,1501700.0,62243,https://www.trendyol.com/ar/pname-p-945839802,OK,,,57.14285714285714
product-core_content-name_645606311_1,645606311_1,product-core,content-name,2025-06-25 04:07:00.800700 UTC,tr-tr,755 Fren Hortumu Arka Corsa-b-vectra-b Uyumlu,ar-ae,755 Brake Hose Rear Corsa-B-Vectra-B Compatible,755 خرطوم الفرامل الخلفي Corsa-b-vectra-b متوافق,645606311,Alibaba,,12082,https://www.trendyol.com/ar/pname-p-645606311,OK,,,60.0
product-core_content-name_896541689_35,896541689_35,product-core,content-name,2025-04-08 11:51:06.796581 UTC,tr-tr,Siyah Halter Yaka Yırtmaçlı Uzun Ipek Saten Elbise,ar-ae,,أسود الرسن العنق الشق فستان طويل من الساتان الحرير,896541689,,,83713,,OK,فستان أسود من الحرير الساتان بحمالة عنق وفتحة عالية على مستوى الساق,No meaning,100.0
product-core_content-name_920741462_35,920741462_35,product-core,content-name,2025-03-18 08:43:46.420841 UTC,tr-tr,AE Logo Graphic T-Shirt,ar-ae,,تي شيرت برسومات شعار AE,920741462,,,61413,,Evaluation Blocked,,,89.47368421052632
product-core_content-name_900010719_35,900010719_35,product-core,content-name,2025-02-17 10:51:27.743976 UTC,tr-tr,GRAPHICS Mountain Tee PUMA White,ar-ae,,تي شيرت جرافيك جبل بوما أبيض,900010719,,,32292,,Not OK,,,100.0
prod-qna_prod-qna_89234145_335810251_a,89234145_335810251_a,prod-qna,prod-qna,2025-08-05 23:18:26.405909 UTC,tr-tr,"Merhaba, ürün boyu 75 cm. İlginiz için teşekkür ederiz.",ar-ae,"Hello, product length is 75 cm. Thank you for your interest.",مرحبا، طول المنتج 75 سم. شكرا لك على اهتمامك.,89234145,Alibaba,38594961.0,60360,https://www.trendyol.com/ar/pname-p-89234145,OK,,,97.05882352941177
product-core_content-name_885402544_35,885402544_35,product-core,content-name,2025-04-08 13:02:57.303229 UTC,tr-tr,U.S. Polo Assn. Kız Çocuk Pembe Kapri Takım,ar-ae,,قاعدة. بولو أسن. طقم كابري وردي للبنات,885402544,,,30732,,Not OK,,the translation does not make sense,100.0
product-core_content-description_967606559_1,967606559_1,product-core,content-description,2025-08-07 08:20:04.142219 UTC,tr-tr,PUMA Skyrocket Lıte Elevate Erkek Skyrocket Lıte Elevate 31149402 Renkli,ar-ae,PUMA Skyrocket Lite Elevate Men's Skyrocket Lite Elevate 31149402 Colorful,PUMA Skyrocket Lite Elevate رجال Skyrocket Lite Elevate 31149402 ملون,967606559,ctms-translation-validation,3227551.0,61991,https://www.trendyol.com/ar/pname-p-967606559,Not OK,Accuracy,,13.333333333333334
product-core_content-name_369815330_1,369815330_1,product-core,content-name,2025-03-16 19:08:44.855916 UTC,tr-tr,Açık Mavi Dokuma Plaj Gömleği TBESS22GO0664,ar-ae,Light Blue Woven Beach Shirt Tbess22Go0664,قميص شاطئ منسوج باللون الأزرق الفاتح TBESS22GO0664,369815330,Alibaba,1764000.0,12929,https://www.trendyol.com/ar/pname-p-369815330,OK,,,70.45454545454545
product-core_content-name_944109307_1,944109307_1,product-core,content-name,2025-06-11 16:25:51.633162 UTC,tr-tr,PLAKET BAKIR 150X250 (4767) - VHT4503-6841,ar-ae,Copper Plate 150X250 (4767) - Vht4503-6841,لوحة نحاسية 150X250 (4767) - VHT4503-6841,944109307,Alibaba,,73231,https://www.trendyol.com/ar/pname-p-944109307,OK,,,31.25
product-core_content-name_867696060_1,867696060_1,product-core,content-name,2025-06-26 06:31:30.907739 UTC,tr-tr,nslx GX30K79401 Wireless Kablosuz Compact Mouse Siyah StorewNew 1037065,ar-ae,Nslx Gx30K79401 Wireless Wireless Compact Mouse Black Storewnew 1037065,nslx GX30K79401 ماوس لاسلكي صغير الحجم أسود StorewNew 1037065,867696060,Alibaba,,94847,https://www.trendyol.com/ar/pname-p-867696060,OK,,,43.39622641509434
prod-qna_prod-qna_363321315_169106298_q,363321315_169106298_q,prod-qna,prod-qna,2025-06-16 11:54:09.031530 UTC,tr-tr,1.74 boy 84 kg sizce kaç beden almaliyim,ar-ae,I am 1.74 cm tall and weigh 84 kg. What size do you think I should buy?,طولي 1.74 سم ووزني 84 كجم، ما هو المقاس الذي تعتقد أنه يجب أن أشتريه؟,363321315,Alibaba,,7271,https://www.trendyol.com/ar/pname-p-363321315,OK,,,94.23076923076923
product-core_content-name_927819804_35,927819804_35,product-core,content-name,2025-04-16 11:32:05.602086 UTC,tr-tr,SHOES BALTA,ar-ae,,أحذية فأس,927819804,,,61443,,Not OK,,,100.0
product-core_content-name_639549190_1,639549190_1,product-core,content-name,2023-12-16 14:51:30.626890 UTC,tr-tr,Camp Day And Night Cep Logo Tasarımlı Siyah Tişört,ar-ae,Camp Day And Night Black T-Shirt with Pocket Logo Design,تي شيرت أسود للنهار والليل مع تصميم شعار الجيب,639549190,,,24791,https://www.trendyol.com/ar/pname-p-639549190,OK,,,100.0
product-core_content-name_932751593_1,932751593_1,product-core,content-name,2025-05-07 09:15:47.114868 UTC,tr-tr,Softride Mayve Kadın Bej Koşu Ayakkabısı 31016016,ar-ae,Softride Fruit Women's Beige Running Shoes 31016016,حذاء الجري Softride Fruit للسيدات باللون البيج 31016016,932751593,Alibaba,2657266.0,17539,https://www.trendyol.com/ar/pname-p-932751593,OK,,,56.25
product-core_content-name_968408700_1,968408700_1,product-core,content-name,2025-08-08 12:46:21.281708 UTC,tr-tr,Breaknet 2.0 Kadın Günlük Ayakkabı HP9445 Beyaz,ar-ae,Breaknet 2.0 Women's Casual Shoes HP9445 White,حذاء بريكنت 2.0 نسائي كاجوال HP9445 أبيض,968408700,Alibaba,1012844.0,77027,https://www.trendyol.com/ar/pname-p-968408700,OK,,,75.75757575757575
product-core_content-name_904684454_1,904684454_1,product-core,content-name,2025-06-17 13:49:17.743350 UTC,tr-tr,Poliviskon palazzo pantolon,ar-ae,Palazzo Trousers of Polyviscon,بنطلون بوليفيسكون بالازو,904684454,Alibaba,,32833,https://www.trendyol.com/ar/pname-p-904684454,OK,,,100.0
ugc-rr_customer-review_828498459_41325157,828498459_41325157,ugc-rr,customer-review,2025-01-13 21:29:18.743438 UTC,tr-tr,çok hafif ayakkabı rahat orijinal mi pek Anlayamadım ama kullanışlı beğendim,ar-ae,,حذاء خفيف جداً، مريح، هل هو أصلي؟ لم أفهمها لكني أحببتها مفيدة,828498459,,,671,,Evaluation Blocked,,,108.51063829787233
product-core_content-description_922691514_1,922691514_1,product-core,content-description,2025-05-11 00:48:18.754314 UTC,tr-tr,Response Runner Unisex Spor Koşu Rahat Günlük Kullanım Ayakkabısı Sneaker,ar-ae,,حذاء رياضي مريح للجري للاستخدام اليومي للجنسين من Response Runner,922691514,Alibaba,4010695.0,48103,https://www.trendyol.com/ar/pname-p-922691514,OK,,,75.0
ugc-rr_customer-review_217937269_25066931,217937269_25066931,ugc-rr,customer-review,2025-06-14 22:17:14.885988 UTC,tr-tr,turkuaz istedim mavi yollamislar,ar-ae,I wanted turquoise but they sent me blue,أردت اللون الفيروزي، أرسلوا لي اللون الأزرق,217937269,Alibaba,,51133,https://www.trendyol.com/ar/pname-p-217937269,OK,,,102.77777777777777
product-core_content-description_951420523_1,951420523_1,product-core,content-description,2025-07-02 11:50:02.657832 UTC,tr-tr,Çocuk Günlük Ayakkabı Star Runner 4 Nn (Ps),ar-ae,Child daily shoes star runner 4 nn (ps),حذاء الأطفال اليومي ستار رانر 4 Nn (Ps),951420523,Alibaba,1946596.0,85005,https://www.trendyol.com/ar/pname-p-951420523,OK,,,83.33333333333334
ugc-rr_customer-review_736020371_23537828,736020371_23537828,ugc-rr,customer-review,2025-07-02 22:44:59.243509 UTC,tr-tr,Resimdeki gibi geldi.,ar-ae,It arrived like the one in the picture.,وصلت مثل تلك الموجودة في الصورة.,736020371,Alibaba,26504736.0,76942,https://www.trendyol.com/ar/pname-p-736020371,OK,,,100.0
product-core_content-name_975896516_1,975896516_1,product-core,content-name,2025-08-21 08:43:30.824465 UTC,tr-tr,Skyrocket Lite Unisex Koşu Yürüyüş Ayakkabısı,ar-ae,Skyrocket Lite Unisex Running Walking Shoes,حذاء Skyrocket Lite للجري للجنسين,975896516,Alibaba,3523852.0,11274,https://www.trendyol.com/ar/pname-p-975896516,OK,,,55.172413793103445
product-core_content-name_967606559_1,967606559_1,product-core,content-name,2025-08-07 08:20:04.142611 UTC,tr-tr,Skyrocket Lıte Elevate Erkek Skyrocket Lıte Elevate 31149402 Renkli,ar-ae,Skyrocket Lite Elevate Men's Skyrocket Lite Elevate 31149402 Colorful,Skyrocket Lite Elevate للرجال Skyrocket Lite Elevate 31149402 ملون,967606559,Alibaba,3227551.0,15161,https://www.trendyol.com/ar/pname-p-967606559,OK,,,17.24137931034483
prod-qna_prod-qna_42713792_144594679_q,42713792_144594679_q,prod-qna,prod-qna,2025-04-11 22:49:48.967085 UTC,tr-tr,SLM aleyküm hayırlı işler makinede yıkamaya uygunmudur,ar-ae,,SLM عليكم، عمل جيد، هل هو مناسب للغسيل في الغسالة؟,42713792,,,63841,,Not OK,,,100.0
product-core_content-name_947404380_1,947404380_1,product-core,content-name,2025-06-23 09:10:16.440943 UTC,tr-tr,Response Runner U Unisex Koşu Ayakkabısı IH6102 Gri,ar-ae,Response Runner U Unisex Running Shoes Ih6102 Gray,حذاء الجري Response Runner U للجنسين IH6102 باللون الرمادي,947404380,Alibaba,2505041.0,7164,https://www.trendyol.com/ar/pname-p-947404380,OK,,,57.99999999999999
product-core_content-name_939053843_1,939053843_1,product-core,content-name,2025-08-14 06:15:14.446850 UTC,tr-tr,Runfalcon 5 Erkek Spor Ayakkabı Jr5518 FTWWHT/BETSCA/CBLACK,ar-ae,Runfalcon 5 Men's Sports Shoes Jr5518 Ftwwht/Betsca/Cblack,حذاء رياضي رجالي Runfalcon 5 Jr5518 FTWWHT/BETSCA/CBLACK,939053843,Alibaba,1460614.0,85055,https://www.trendyol.com/ar/pname-p-939053843,OK,,,29.166666666666668
product-core_content-description_834532717_1,834532717_1,product-core,content-description,2025-06-04 17:02:09.972874 UTC,tr-tr,Cata CT-9263 Gu-10 Model Duy Ürün Porselen (10 Adet Satışımız),ar-ae,Cata ct-9263 gu-10 model socket product porcelain (our sale of 10 pieces),منتج كاتا CT-9263 Gu-10 نموذج مصباح بورسلين (نبيع 10 قطع),834532717,Alibaba,,74543,https://www.trendyol.com/ar/pname-p-834532717,OK,,,72.72727272727273
product-core_content-name_880668171_1,880668171_1,product-core,content-name,2025-06-23 13:29:03.863001 UTC,tr-tr,SEAT TOLEDO- 13/17; RADYATÖR FAN DAVLUMBAZI,ar-ae,Seat toledo- 13/17; radiator fan cover,مروحة الرادياتير توليدو - 13/17,880668171,Alibaba,,71624,https://www.trendyol.com/ar/pname-p-880668171,Not OK,,,84.0
product-core_content-name_788016417_1,788016417_1,product-core,content-name,2025-06-25 05:04:23.192775 UTC,tr-tr,LCW ACCESSORIES Kamuflaj Baskılı Erkek Çocuk Eldiven,ar-ae,LCW ACCESSORIES Camouflage Printed Boys' Gloves,LCW ACCESSORIES قفازات للأولاد مطبوعة مموهة,788016417,Alibaba,,68905,https://www.trendyol.com/ar/pname-p-788016417,Not OK,,,63.1578947368421
product-core_content-name_951106111_1,951106111_1,product-core,content-name,2025-07-01 15:01:19.917545 UTC,tr-tr,Court Lally Kadın Günlük Ayakkabı 40036704 Renkli,ar-ae,Court Lally Women's Casual Shoes 40036704 Colorful,حذاء كاجوال نسائي من كورت لالي 40036704 ملون,951106111,Alibaba,11613674.0,26552,https://www.trendyol.com/ar/pname-p-951106111,OK,,,78.37837837837837
ugc-rr_customer-review_746100682_35165713,746100682_35165713,ugc-rr,customer-review,2025-07-05 23:54:45.399615 UTC,tr-tr,İyi bir kalite beğendim ama biraz büyük bana,ar-ae,"Good quality, I like it but it's a little big for me",نوعية جيدة أحبها ولكنها كبيرة بعض الشيء بالنسبة لي,746100682,Alibaba,20022760.0,97312,https://www.trendyol.com/ar/pname-p-746100682,OK,,,100.0
product-core_content-description_828498471_1,828498471_1,product-core,content-description,2025-08-28 06:17:48.671574 UTC,tr-tr,Adidas Runfalcon 5 Beyaz Erkek Koşu & Antrenman Ayakkabısı IH7757,ar-ae,Adidas runfalcon 5 white men's running & training shoes ih7757,حذاء أديداس رنفالكون 5 أبيض للجري والتدريب للرجال IH7757,828498471,Alibaba,1460614.0,88022,https://www.trendyol.com/ar/pname-p-828498471,OK,,,85.41666666666666
product-core_content-name_944749270_1,944749270_1,product-core,content-name,2025-06-16 07:32:05.266150 UTC,tr-tr,Teleskopik 3&apos;lü Mop Toz Alma Püskülü Çok Fonksiyonlu Temizlik Seti (4887),ar-ae,Telescopic 3-Piece Mop Dusting Tassel Multifunctional Cleaning Set (4887),طقم تنظيف متعدد الوظائف مكون من 3 قطع ممسحة تلسكوبية (4887),944749270,Alibaba,,11775,https://www.trendyol.com/ar/pname-p-944749270,OK,,,89.36170212765957
product-core_content-name_871568972_1,871568972_1,product-core,content-name,2025-06-25 02:50:49.001619 UTC,tr-tr,Marsilyan- Beyaz Emay 2020 Double String Korse,ar-ae,Marsilyan-White Emay 2020 Double String Corset,مشد مارسيليان- وايت إيماي 2020 ذو سلسلة مزدوجة,871568972,Alibaba,,50196,https://www.trendyol.com/ar/pname-p-871568972,Not OK,,,89.47368421052632
product-core_content-name_938859042_1,938859042_1,product-core,content-name,2025-05-22 15:05:41.567498 UTC,tr-tr,Kadın Siyah Sneaker,ar-ae,Women's Black Sneaker,حذاء رياضي أسود للنساء,938859042,Alibaba,6220607.0,59767,https://www.trendyol.com/ar/pname-p-938859042,OK,,,100.0
ugc-rr_customer-review_42737001_20738658,42737001_20738658,ugc-rr,customer-review,2025-07-02 22:39:29.062498 UTC,tr-tr,Ürün güzel,ar-ae,NICE PRODUCT,منتج لطيف,42737001,Alibaba,26504736.0,97035,https://www.trendyol.com/ar/pname-p-42737001,Not OK,Terminology,,100.0
product-core_content-name_887259636_1,887259636_1,product-core,content-name,2025-08-28 06:19:29.363453 UTC,tr-tr,Runfalcon 5 Ftw Beyaz Erkek Koşu & Antrenman Ayakkabısı JI0876,ar-ae,Runfalcon 5 Ftw White Men's Running & Training Shoes Ji0876,حذاء الجري والتدريب للرجال من Runfalcon 5 Ftw باللون الأبيض JI0876,887259636,Alibaba,3332412.0,86731,https://www.trendyol.com/ar/pname-p-887259636,OK,,,66.07142857142857
product-core_content-name_770362856_1,770362856_1,product-core,content-name,2025-03-16 18:43:27.678255 UTC,tr-tr,Siyah-Taş-Koyu Yeşil Slim/Dar Bisiklet Yaka Basic %100 Pamuklu 3'lü Paket T-Shirt TMNSS19BO0007,ar-ae,Black-Stone-Dark Green Slim/Narrow Crew Neck Basic 100% Cotton 3 Pack T-Shirts Tmnss19Bo0007,تي شيرت أسود-حجر-أخضر داكن نحيف/نحيف برقبة دائرية أساسية 100% قطن 3 قطع TMNSS19BO0007,770362856,Alibaba,3905083.0,92845,https://www.trendyol.com/ar/pname-p-770362856,Not OK,Terminology,,75.36231884057972
product-core_content-name_1262979_35,1262979_35,product-core,content-name,2025-03-28 15:34:44.673734 UTC,tr-tr,Instant Anti Age Eraser Kapatıcı - 06 Neutralizer,ar-ae,,خافي عيوب البشرة الفوري المضاد للشيخوخة - 06 Neutralizer,1262979,,,83210,,OK,,,72.3404255319149
product-core_content-name_455104542_1,455104542_1,product-core,content-name,2025-06-25 05:21:13.309347 UTC,tr-tr,Daewoo Nexia (kletn Facelift 2008) 1.5 (80 Hp) 2010 Trend Serisi Carbon Oto Koltuk Kılıfı Füme,ar-ae,Daewoo Nexia (Kletn Facelift 2008) 1.5 (80 Hp) 2010 Trend Series Carbon Auto Seat Cover Smoked,Daewoo Nexia (kletn Facelift 2008) 1.5 (80 Hp) 2010 Trend Series غطاء مقعد السيارة الكربوني المدخن,455104542,Alibaba,,26652,https://www.trendyol.com/ar/pname-p-455104542,Not OK,,,37.17948717948718
product-core_content-name_935110158_1,935110158_1,product-core,content-name,2025-05-12 12:12:56.193646 UTC,tr-tr,Runfalcon Yürüyüş Koşu Ayakkabısı,ar-ae,Runfalcon Walking Running Shoes,حذاء الجري Runfalcon للمشي,935110158,Alibaba,1741655.0,42568,https://www.trendyol.com/ar/pname-p-935110158,OK,,,60.86956521739131
product-core_content-name_334249963_1,334249963_1,product-core,content-name,2025-06-17 19:45:21.663338 UTC,tr-tr,Genesis Dökülme Karşıtı Güçlü Güçlendirici Şampuan 250 Ml,ar-ae,Genesis Anti-Shedding Strong Strengthening Shampoo 250 ml,شامبو جينيسيس المضاد للتساقط والقوي 250 مل,334249963,Alibaba,,30444,https://www.trendyol.com/ar/pname-p-334249963,Not OK,,,91.66666666666666
product-core_content-name_835657149_1,835657149_1,product-core,content-name,2025-06-23 13:25:11.814480 UTC,tr-tr,Opel Combo- 04/12; Sis Lamba Kapağı Sağ Siyah Siyahdelikli,ar-ae,Opel Combo- 04/12; Fog Lamp Cover Right Black with Black Hole,أوبل كومبو- 04/12; غطاء مصباح الضباب يمين أسود مع فتحة سوداء,835657149,Alibaba,,14530,https://www.trendyol.com/ar/pname-p-835657149,Not OK,,,91.48936170212765
ugc-rr_customer-review_113319781_21687576,113319781_21687576,ugc-rr,customer-review,2025-08-15 22:37:31.029122 UTC,tr-tr,İyi bir gömlek,ar-ae,It's a good shirt,إنه قميص جيد,113319781,Alibaba,38594961.0,67291,https://www.trendyol.com/ar/pname-p-113319781,OK,,,100.0
product-core_content-name_921902925_1,921902925_1,product-core,content-name,2025-06-23 05:08:25.026954 UTC,tr-tr,Gts-20 Yan Tipi Benzinli Motorlu Ot Çalı Tırpanı Çim Biçme Makinesi Tırpan Canavar Baslik,ar-ae,Gts-20 Side Type Gasoline Engine Weed Brushcutter Lawn Mower Scythe Monster Head,Gts-20 نوع جانبي محرك البنزين ماكينة قص الأعشاب وجزازة العشب ماكينة قص العشب,921902925,Alibaba,,13789,https://www.trendyol.com/ar/pname-p-921902925,Evaluation Blocked,,,92.06349206349206
product-core_content-name_902669117_1,902669117_1,product-core,content-name,2025-05-09 02:07:58.052513 UTC,tr-tr,Beyaz Geniş Lastikli Bürümcük Etek,ar-ae,White Wide Elastic Wrap Skirt,تنورة ملفوفة مرنة واسعة باللون الأبيض,902669117,Alibaba,,21620,https://www.trendyol.com/ar/pname-p-902669117,OK,,,100.0
product-core_content-description_838693091_1,838693091_1,product-core,content-description,2025-07-10 06:05:29.655736 UTC,tr-tr,Puma Club II Era Sneaker,ar-ae,Puma Club II Era Sneaker,حذاء سنيكرز من عصر النادي الثاني من بوما,838693091,Alibaba,4348021.0,95020,https://www.trendyol.com/ar/pname-p-838693091,Not OK,Terminology,,100.0
product-core_content-name_946280545_1,946280545_1,product-core,content-name,2025-06-19 11:01:53.081838 UTC,tr-tr,252SY916 Model Sarach Marka Siyah Renk Omuz Çantası,ar-ae,252Sy916 Model Sarach Brand Black Color Shoulder Bag,252SY916 حقيبة كتف موديل ساراش ماركة لون أسود,946280545,Alibaba,,48087,https://www.trendyol.com/ar/pname-p-946280545,Not OK,,,78.94736842105263
prod-qna_prod-qna_89234145_340011656_q,89234145_340011656_q,prod-qna,prod-qna,2025-08-16 22:15:56.001793 UTC,tr-tr,kolları uzun mu tesettüre uygun mudur,ar-ae,Are the sleeves long and suitable for hijab?,هل الأكمام طويلة وهل تناسب الحجاب؟,89234145,Alibaba,38594961.0,12252,https://www.trendyol.com/ar/pname-p-89234145,OK,,,103.57142857142858
product-core_content-name_689047678_1,689047678_1,product-core,content-name,2025-07-10 06:05:32.876322 UTC,tr-tr,Runfalcon 3.0 Ayakkabı,ar-ae,Runfalcon 3.0 Shoes,حذاء رونفالكون 3.0,689047678,Alibaba,1741655.0,91784,https://www.trendyol.com/ar/pname-p-689047678,OK,,,86.66666666666667
prod-qna_prod-qna_34721879_195169116_a,34721879_195169116_a,prod-qna,prod-qna,2025-06-17 16:43:17.028521 UTC,tr-tr,"Merhaba, 25.5 cm 15 numaraya tekabul etmektedir.İyi günler dileriz.",ar-ae,"Hello, 25.5 cm corresponds to size 15. We wish you a good day.",مرحبا 25.5 سم يتوافق مع مقاس 15. نتمنى لكم يوما سعيدا.,34721879,Alibaba,26504736.0,98169,https://www.trendyol.com/ar/pname-p-34721879,OK,,,87.8048780487805
product-core_content-name_942064868_1,942064868_1,product-core,content-name,2025-06-02 19:36:35.849577 UTC,tr-tr,Erkek Pileli Kumaş Pantolon,ar-ae,Men's Pleated Fabric Trousers,بنطلون قماش مطوي للرجال,942064868,Alibaba,,28732,https://www.trendyol.com/ar/pname-p-942064868,Not OK,,,100.0
product-core_content-description_886839024_1,886839024_1,product-core,content-description,2025-07-01 14:24:34.977722 UTC,tr-tr,Anzarun Lite AC+ PS Sneaker,ar-ae,Anzarun Lite Ac+ Ps Sneaker,حذاء رياضي Anzarun Lite AC+ PS,886839024,Alibaba,2647584.0,95415,https://www.trendyol.com/ar/pname-p-886839024,OK,,,37.5
product-core_content-name_843103921_1,843103921_1,product-core,content-name,2025-06-25 10:25:50.468869 UTC,tr-tr,Apple Watch 45mm Desenli Lastikli Kordon - Desen 12 452121,ar-ae,Apple Watch 45mm Patterned Rubber Strap - Pattern 12 452121,ساعة ابل مقاس 45 ملم بسوار مطاطي منقوش - نمط 12 452121,843103921,Alibaba,,42357,https://www.trendyol.com/ar/pname-p-843103921,OK,,,76.19047619047619
prod-qna_prod-qna_42737001_299532501_q,42737001_299532501_q,prod-qna,prod-qna,2025-06-17 11:19:46.741861 UTC,tr-tr,ürünün kırk numarası kaç cm dir acaba,ar-ae,I wonder how many cm is the size forty of the product?,كم سم هو الرقم الأربعين للمنتج؟,42737001,Alibaba,26504736.0,12376,https://www.trendyol.com/ar/pname-p-42737001,OK,,,104.0
product-core_content-name_832918862_35,832918862_35,product-core,content-name,2025-04-08 09:48:47.270356 UTC,tr-tr,Miran Siyah Renkli Taş Detaylı Kadın Topuklu Ayakkabı,ar-ae,,حذاء ميران بكعب نسائي مزين بحجر أسود اللون,832918862,,,70149,,OK,,,100.0
product-core_content-name_840250756_35,840250756_35,product-core,content-name,2025-04-08 12:38:59.485024 UTC,tr-tr,Hakiki Deri Saç Örgü Günlük Kadın Sandalet,ar-ae,,صنادل نسائية يومية من الجلد الطبيعي,840250756,,,94628,,Not OK,,missing information,100.0
ugc-rr_customer-review_828498459_32376090,828498459_32376090,ugc-rr,customer-review,2025-04-27 22:26:36.371789 UTC,tr-tr,Güzel ürün rahat,ar-ae,,منتج لطيف ومريح,828498459,,,40709,,OK,,,100.0
product-core_content-name_951765361_1,951765361_1,product-core,content-name,2025-07-03 10:18:12.921906 UTC,tr-tr,Court Classic Unisex Günlük Ayakkabı 39501801 Beyaz,ar-ae,Court Classic Unisex Casual Shoes 39501801 White,حذاء كاجوال كورت كلاسيك للجنسين 39501801 أبيض,951765361,Alibaba,1579901.0,21507,https://www.trendyol.com/ar/pname-p-951765361,OK,,,79.48717948717949
ugc-rr_customer-review_778584803_23575312,778584803_23575312,ugc-rr,customer-review,2025-07-14 23:55:33.843981 UTC,tr-tr,Çöm güzel ürün rahat ayağımı yormuyor gönül rahatlığıyla alabilirsiniz,ar-ae,"Very nice product, comfortable, does not tire my feet, you can buy it with peace of mind.",منتج جيد، مريح، لا يتعب قدمي، يمكنك شرائه براحة البال.,778584803,Alibaba,11136094.0,93580,https://www.trendyol.com/ar/pname-p-778584803,OK,,,107.31707317073172
ugc-rr_customer-review_117283813_71875179,117283813_71875179,ugc-rr,customer-review,2025-08-13 22:19:06.747800 UTC,tr-tr,Kalıbı fazla büyük ama ben bol sevdiğim için sorun olmadı,ar-ae,"The fit is too big, but it wasn't a problem because I like it loose.",المقاس كبير جدًا، لكن لم تكن هناك مشكلة لأنني أحبه فضفاضًا.,117283813,Alibaba,38594961.0,44617,https://www.trendyol.com/ar/pname-p-117283813,OK,,,106.66666666666667
prod-qna_prod-qna_35839749_254676305_a,35839749_254676305_a,prod-qna,prod-qna,2025-04-11 23:05:40.784263 UTC,tr-tr,"Merhaba , Ürün suya dayanıklı şekilde üretilmiştir. Kış aylarında kullanıma uygundur. Kullanışı rahat ve müşteri geri bildirimlerine göre dizayn edilmiştir. Keyifli Alışverişler Dileriz, Saygılarımızla,",ar-ae,,مرحبًا، المنتج مصنوع بشكل مقاوم للماء. وهي مناسبة للاستخدام في أشهر الشتاء. مريحة في الاستخدام ومصممة لتعليقات العملاء. نتمنى لكم تسوقاً ممتعاً، مع أطيب التحيات،,35839749,,,27351,,OK,,,104.6875
product-core_content-name_867233369_35,867233369_35,product-core,content-name,2025-03-18 20:05:53.742332 UTC,tr-tr,Açık Mavi %100 Pamuk Erkek Baggy Fit Jeans Kot Pantolon TMNAW24JE00027,ar-ae,,بنطال جينز فضفاض للرجال مصنوع من القطن بنسبة 100% باللون الأزرق الفاتح TMNAW24JE00027,867233369,,,72450,,OK,,,76.38888888888889
product-core_content-name_148918625_1,148918625_1,product-core,content-name,2025-06-27 13:51:11.374385 UTC,tr-tr,Ankastre 2'li Set,ar-ae,Built-In Set of 2,مجموعة مدمجة مكونة من قطعتين,148918625,Alibaba,,10540,https://www.trendyol.com/ar/pname-p-148918625,OK,,,100.0
product-core_content-name_951775182_1,951775182_1,product-core,content-name,2025-07-03 10:50:16.690816 UTC,tr-tr,Hypnotic Ls Unisex Günlük Ayakkabı 39529503 Beyaz,ar-ae,Hypnotic Ls Unisex Casual Shoes 39529503 White,حذاء كاجوال للجنسين من Hypnotic Ls 39529503 أبيض,951775182,Alibaba,26504736.0,71059,https://www.trendyol.com/ar/pname-p-951775182,OK,,,56.09756097560976
product-core_content-name_359378962_1,359378962_1,product-core,content-name,2024-04-16 03:06:44.915064 UTC,tr-tr,6'lı Kokteyl Peçetesi Alice Altın Sim,ar-ae,6-Piece Cocktail Napkin Alice Gold Glitter,منديل كوكتيل مكون من 6 قطع أليس جولد جليتر,359378962,,,46542,https://www.trendyol.com/ar/pname-p-359378962,Not OK,,,97.05882352941177
ugc-rr_customer-review_778584564_104429254,778584564_104429254,ugc-rr,customer-review,2025-07-10 23:52:43.286363 UTC,tr-tr,hatalı ürün gönderdiler,ar-ae,They sent the wrong product,أرسلوا المنتج الخطأ,778584564,Alibaba,11136094.0,1052,https://www.trendyol.com/ar/pname-p-778584564,OK,,,100.0
product-core_content-description_896473192_1,896473192_1,product-core,content-description,2025-05-09 11:44:06.744418 UTC,tr-tr,Runfalcon 5 günlük spor ayakkabı sneaker ;,ar-ae,,حذاء رياضي رياضي غير رسمي من رنفالكون 5 ;,896473192,DeepL,6475366.0,23343,https://www.trendyol.com/ar/pname-p-896473192,Evaluation Blocked,,,96.875
product-core_content-description_886841373_1,886841373_1,product-core,content-description,2025-07-10 06:05:57.188389 UTC,tr-tr,X-Ray 3 LT Sneaker,ar-ae,X-Ray 3 Lt Sneaker,حذاء رياضي X-Ray 3 LT,886841373,Alibaba,2378104.0,40259,https://www.trendyol.com/ar/pname-p-886841373,OK,,,56.25
prod-qna_prod-qna_34721879_315690885_a,34721879_315690885_a,prod-qna,prod-qna,2025-06-17 13:33:53.157835 UTC,tr-tr,"Merhaba! �� Puma Anzarun Lite Unisex Sneaker (Model Kodu: 37112869) modelinde de genelde 42 numara uygun olacaktır. Daha rahat bir kullanım istiyorsan, 42.5 almayı düşünebilirsin. Farklı bir konuda yardımcı olmamı isterseniz, KoraySpor olarak her zaman yanınızdayız. ��‍♂️",ar-ae,"Hello! � �   In the Puma Anzarun Lite Unisex Sneaker (Model Code: 37112869), size 42 is generally suitable. If you want a more comfortable use, you may consider getting 42.5. If you need me to help with something else, as KoraySpor, we are always by your side. � � ‍ ♂️",مرحبًا! � �   عادةً ما يكون الحجم 42 مناسبًا لنموذج حذاء Puma Anzarun Lite الرياضي للجنسين (رمز النموذج: 37112869). إذا كنت تريد استخدامًا أكثر راحة، فقد تفكر في الحصول على 42.5. إذا كنت تريد مني أن أساعدك في شيء مختلف، كوراي سبور، نحن دائمًا هنا من أجلك. � � ‍ ♂️,34721879,Alibaba,26504736.0,19964,https://www.trendyol.com/ar/pname-p-34721879,OK,,,89.41798941798942
prod-qna_prod-qna_470293693_266638336_q,470293693_266638336_q,prod-qna,prod-qna,2025-06-17 10:34:07.301822 UTC,tr-tr,kalıpları büyük.mu bol durmasini istiyorum,ar-ae,Is the size large? I want it to be loose.,هل الأنماط كبيرة؟أريد أن تكون فضفاضة.,470293693,Alibaba,,48941,https://www.trendyol.com/ar/pname-p-470293693,Not OK,,,103.33333333333334
product-core_content-name_462972130_1,462972130_1,product-core,content-name,2025-06-25 03:50:48.560856 UTC,tr-tr,Audi A80 Lastik Koruyucu Oto Deri Stepne Kılıfı 17-18'ınc,ar-ae,Audi A80 Tire Protector Auto Leather Spare Tire Cover 17-18St,غطاء إطار السيارة من الجلد لسيارة Audi A80 مقاس 17-18 بوصة,462972130,Alibaba,,53513,https://www.trendyol.com/ar/pname-p-462972130,OK,,,76.59574468085107
product-core_content-name_975189084_1,975189084_1,product-core,content-name,2025-08-20 10:19:44.351681 UTC,tr-tr,Lacıvert Kadın Omuz Çantası Us24732,ar-ae,Navy Blue Women's Shoulder Bag Us24732,حقيبة كتف نسائية باللون الأزرق الداكن Us24732,975189084,Alibaba,1619312.0,36537,https://www.trendyol.com/ar/pname-p-975189084,OK,,,82.05128205128204
ugc-rr_customer-review_925327308_8968,925327308_8968,ugc-rr,customer-review,2025-08-15 22:34:39.958398 UTC,tr-tr,Çok rahat bir kalıp ve şık bir gömlek,ar-ae,A very comfortable fit and stylish shirt,قميص مريح للغاية وأنيق,925327308,Alibaba,9111266.0,20470,https://www.trendyol.com/ar/pname-p-925327308,OK,,,100.0
prod-qna_prod-qna_248573794_246284113_a,248573794_246284113_a,prod-qna,prod-qna,2025-06-16 13:57:28.149082 UTC,tr-tr,Merhabalar efendim ürün resmi sayfasından detaylı bilgi edinebilirsiniz,ar-ae,"Hello sir, you can get detailed information from the product official page.",مرحباً سيدي، يمكنك الحصول على معلومات مفصلة من الصفحة الرسمية للمنتج.,248573794,Alibaba,,65944,https://www.trendyol.com/ar/pname-p-248573794,OK,,,103.57142857142858
prod-qna_prod-qna_32239522_272682685_q,32239522_272682685_q,prod-qna,prod-qna,2025-06-17 08:53:25.448610 UTC,tr-tr,Küçük tencerenin kapağı mevcut mu,ar-ae,Is there a lid available for the small pot?,هل يوجد غطاء للقدر الصغير؟,32239522,Alibaba,,92465,https://www.trendyol.com/ar/pname-p-32239522,OK,,,104.76190476190477
product-core_content-description_122430746_1,122430746_1,product-core,content-description,2025-08-08 21:13:45.481493 UTC,tr-tr,ERKEK DÜZ PENYE BOXER 6 Adet,ar-ae,Men's Straight Combed Combed Boxer 6 Pieces,بوكسر رجالي مبطن 6 قطع,122430746,Alibaba,1177369.0,69435,https://www.trendyol.com/ar/pname-p-122430746,Not OK,Accuracy,,94.44444444444444
